{
  "nft_marketplace": {
    "fileFormatVersion": 6,
    "address": "0xb118fb658964c096c0beb2e72eedc0e5901ee99f090211aa32c71174bf3d3cea",
    "name": "nft_marketplace",
    "friends": [],
    "structs": {
      "DelistNFTEvent": {
        "abilities": {
          "abilities": [
            "Copy",
            "Drop"
          ]
        },
        "typeParameters": [],
        "fields": [
          {
            "name": "listing_id",
            "type": {
              "Struct": {
                "address": "0x2",
                "module": "object",
                "name": "ID",
                "typeArguments": []
              }
            }
          },
          {
            "name": "nft_id",
            "type": {
              "Struct": {
                "address": "0x2",
                "module": "object",
                "name": "ID",
                "typeArguments": []
              }
            }
          }
        ]
      },
      "DevNetNFT": {
        "abilities": {
          "abilities": [
            "Store",
            "Key"
          ]
        },
        "typeParameters": [],
        "fields": [
          {
            "name": "id",
            "type": {
              "Struct": {
                "address": "0x2",
                "module": "object",
                "name": "UID",
                "typeArguments": []
              }
            }
          },
          {
            "name": "name",
            "type": {
              "Struct": {
                "address": "0x1",
                "module": "string",
                "name": "String",
                "typeArguments": []
              }
            }
          },
          {
            "name": "description",
            "type": {
              "Struct": {
                "address": "0x1",
                "module": "string",
                "name": "String",
                "typeArguments": []
              }
            }
          },
          {
            "name": "url",
            "type": {
              "Struct": {
                "address": "0x2",
                "module": "url",
                "name": "Url",
                "typeArguments": []
              }
            }
          }
        ]
      },
      "ListNFTEvent": {
        "abilities": {
          "abilities": [
            "Copy",
            "Drop"
          ]
        },
        "typeParameters": [],
        "fields": [
          {
            "name": "listing_id",
            "type": {
              "Struct": {
                "address": "0x2",
                "module": "object",
                "name": "ID",
                "typeArguments": []
              }
            }
          },
          {
            "name": "nft_id",
            "type": {
              "Struct": {
                "address": "0x2",
                "module": "object",
                "name": "ID",
                "typeArguments": []
              }
            }
          },
          {
            "name": "seller",
            "type": "Address"
          },
          {
            "name": "price",
            "type": "U64"
          }
        ]
      },
      "Listing": {
        "abilities": {
          "abilities": [
            "Key"
          ]
        },
        "typeParameters": [],
        "fields": [
          {
            "name": "id",
            "type": {
              "Struct": {
                "address": "0x2",
                "module": "object",
                "name": "UID",
                "typeArguments": []
              }
            }
          },
          {
            "name": "nft_id",
            "type": {
              "Struct": {
                "address": "0x2",
                "module": "object",
                "name": "ID",
                "typeArguments": []
              }
            }
          },
          {
            "name": "price",
            "type": "U64"
          },
          {
            "name": "seller",
            "type": "Address"
          }
        ]
      },
      "Marketplace": {
        "abilities": {
          "abilities": [
            "Key"
          ]
        },
        "typeParameters": [],
        "fields": [
          {
            "name": "id",
            "type": {
              "Struct": {
                "address": "0x2",
                "module": "object",
                "name": "UID",
                "typeArguments": []
              }
            }
          },
          {
            "name": "balance",
            "type": {
              "Struct": {
                "address": "0x2",
                "module": "balance",
                "name": "Balance",
                "typeArguments": [
                  {
                    "Struct": {
                      "address": "0x2",
                      "module": "sui",
                      "name": "SUI",
                      "typeArguments": []
                    }
                  }
                ]
              }
            }
          }
        ]
      },
      "MintNFTEvent": {
        "abilities": {
          "abilities": [
            "Copy",
            "Drop"
          ]
        },
        "typeParameters": [],
        "fields": [
          {
            "name": "object_id",
            "type": {
              "Struct": {
                "address": "0x2",
                "module": "object",
                "name": "ID",
                "typeArguments": []
              }
            }
          },
          {
            "name": "creator",
            "type": "Address"
          },
          {
            "name": "name",
            "type": {
              "Struct": {
                "address": "0x1",
                "module": "string",
                "name": "String",
                "typeArguments": []
              }
            }
          }
        ]
      },
      "PurchaseNFTEvent": {
        "abilities": {
          "abilities": [
            "Copy",
            "Drop"
          ]
        },
        "typeParameters": [],
        "fields": [
          {
            "name": "listing_id",
            "type": {
              "Struct": {
                "address": "0x2",
                "module": "object",
                "name": "ID",
                "typeArguments": []
              }
            }
          },
          {
            "name": "nft_id",
            "type": {
              "Struct": {
                "address": "0x2",
                "module": "object",
                "name": "ID",
                "typeArguments": []
              }
            }
          },
          {
            "name": "buyer",
            "type": "Address"
          },
          {
            "name": "seller",
            "type": "Address"
          },
          {
            "name": "price",
            "type": "U64"
          }
        ]
      }
    },
    "exposedFunctions": {
      "burn": {
        "visibility": "Public",
        "isEntry": false,
        "typeParameters": [],
        "parameters": [
          {
            "Struct": {
              "address": "0xb118fb658964c096c0beb2e72eedc0e5901ee99f090211aa32c71174bf3d3cea",
              "module": "nft_marketplace",
              "name": "DevNetNFT",
              "typeArguments": []
            }
          }
        ],
        "return": []
      },
      "burn_nft": {
        "visibility": "Private",
        "isEntry": true,
        "typeParameters": [],
        "parameters": [
          {
            "Struct": {
              "address": "0xb118fb658964c096c0beb2e72eedc0e5901ee99f090211aa32c71174bf3d3cea",
              "module": "nft_marketplace",
              "name": "DevNetNFT",
              "typeArguments": []
            }
          }
        ],
        "return": []
      },
      "buy_nft": {
        "visibility": "Private",
        "isEntry": true,
        "typeParameters": [],
        "parameters": [
          {
            "Struct": {
              "address": "0xb118fb658964c096c0beb2e72eedc0e5901ee99f090211aa32c71174bf3d3cea",
              "module": "nft_marketplace",
              "name": "Listing",
              "typeArguments": []
            }
          },
          {
            "Struct": {
              "address": "0x2",
              "module": "coin",
              "name": "Coin",
              "typeArguments": [
                {
                  "Struct": {
                    "address": "0x2",
                    "module": "sui",
                    "name": "SUI",
                    "typeArguments": []
                  }
                }
              ]
            }
          },
          {
            "MutableReference": {
              "Struct": {
                "address": "0xb118fb658964c096c0beb2e72eedc0e5901ee99f090211aa32c71174bf3d3cea",
                "module": "nft_marketplace",
                "name": "Marketplace",
                "typeArguments": []
              }
            }
          },
          {
            "MutableReference": {
              "Struct": {
                "address": "0x2",
                "module": "tx_context",
                "name": "TxContext",
                "typeArguments": []
              }
            }
          }
        ],
        "return": []
      },
      "cancel_listing": {
        "visibility": "Private",
        "isEntry": true,
        "typeParameters": [],
        "parameters": [
          {
            "Struct": {
              "address": "0xb118fb658964c096c0beb2e72eedc0e5901ee99f090211aa32c71174bf3d3cea",
              "module": "nft_marketplace",
              "name": "Listing",
              "typeArguments": []
            }
          },
          {
            "Reference": {
              "Struct": {
                "address": "0x2",
                "module": "tx_context",
                "name": "TxContext",
                "typeArguments": []
              }
            }
          }
        ],
        "return": []
      },
      "delist_nft": {
        "visibility": "Public",
        "isEntry": false,
        "typeParameters": [],
        "parameters": [
          {
            "Struct": {
              "address": "0xb118fb658964c096c0beb2e72eedc0e5901ee99f090211aa32c71174bf3d3cea",
              "module": "nft_marketplace",
              "name": "Listing",
              "typeArguments": []
            }
          },
          {
            "Reference": {
              "Struct": {
                "address": "0x2",
                "module": "tx_context",
                "name": "TxContext",
                "typeArguments": []
              }
            }
          }
        ],
        "return": []
      },
      "description": {
        "visibility": "Public",
        "isEntry": false,
        "typeParameters": [],
        "parameters": [
          {
            "Reference": {
              "Struct": {
                "address": "0xb118fb658964c096c0beb2e72eedc0e5901ee99f090211aa32c71174bf3d3cea",
                "module": "nft_marketplace",
                "name": "DevNetNFT",
                "typeArguments": []
              }
            }
          }
        ],
        "return": [
          {
            "Reference": {
              "Struct": {
                "address": "0x1",
                "module": "string",
                "name": "String",
                "typeArguments": []
              }
            }
          }
        ]
      },
      "list_nft": {
        "visibility": "Public",
        "isEntry": false,
        "typeParameters": [],
        "parameters": [
          {
            "Struct": {
              "address": "0xb118fb658964c096c0beb2e72eedc0e5901ee99f090211aa32c71174bf3d3cea",
              "module": "nft_marketplace",
              "name": "DevNetNFT",
              "typeArguments": []
            }
          },
          "U64",
          {
            "MutableReference": {
              "Struct": {
                "address": "0x2",
                "module": "tx_context",
                "name": "TxContext",
                "typeArguments": []
              }
            }
          }
        ],
        "return": []
      },
      "list_nft_for_sale": {
        "visibility": "Private",
        "isEntry": true,
        "typeParameters": [],
        "parameters": [
          {
            "Struct": {
              "address": "0xb118fb658964c096c0beb2e72eedc0e5901ee99f090211aa32c71174bf3d3cea",
              "module": "nft_marketplace",
              "name": "DevNetNFT",
              "typeArguments": []
            }
          },
          "U64",
          {
            "MutableReference": {
              "Struct": {
                "address": "0x2",
                "module": "tx_context",
                "name": "TxContext",
                "typeArguments": []
              }
            }
          }
        ],
        "return": []
      },
      "listing_id": {
        "visibility": "Public",
        "isEntry": false,
        "typeParameters": [],
        "parameters": [
          {
            "Reference": {
              "Struct": {
                "address": "0xb118fb658964c096c0beb2e72eedc0e5901ee99f090211aa32c71174bf3d3cea",
                "module": "nft_marketplace",
                "name": "Listing",
                "typeArguments": []
              }
            }
          }
        ],
        "return": [
          {
            "Struct": {
              "address": "0x2",
              "module": "object",
              "name": "ID",
              "typeArguments": []
            }
          }
        ]
      },
      "listing_nft_id": {
        "visibility": "Public",
        "isEntry": false,
        "typeParameters": [],
        "parameters": [
          {
            "Reference": {
              "Struct": {
                "address": "0xb118fb658964c096c0beb2e72eedc0e5901ee99f090211aa32c71174bf3d3cea",
                "module": "nft_marketplace",
                "name": "Listing",
                "typeArguments": []
              }
            }
          }
        ],
        "return": [
          {
            "Struct": {
              "address": "0x2",
              "module": "object",
              "name": "ID",
              "typeArguments": []
            }
          }
        ]
      },
      "listing_price": {
        "visibility": "Public",
        "isEntry": false,
        "typeParameters": [],
        "parameters": [
          {
            "Reference": {
              "Struct": {
                "address": "0xb118fb658964c096c0beb2e72eedc0e5901ee99f090211aa32c71174bf3d3cea",
                "module": "nft_marketplace",
                "name": "Listing",
                "typeArguments": []
              }
            }
          }
        ],
        "return": [
          "U64"
        ]
      },
      "listing_seller": {
        "visibility": "Public",
        "isEntry": false,
        "typeParameters": [],
        "parameters": [
          {
            "Reference": {
              "Struct": {
                "address": "0xb118fb658964c096c0beb2e72eedc0e5901ee99f090211aa32c71174bf3d3cea",
                "module": "nft_marketplace",
                "name": "Listing",
                "typeArguments": []
              }
            }
          }
        ],
        "return": [
          "Address"
        ]
      },
      "marketplace_balance": {
        "visibility": "Public",
        "isEntry": false,
        "typeParameters": [],
        "parameters": [
          {
            "Reference": {
              "Struct": {
                "address": "0xb118fb658964c096c0beb2e72eedc0e5901ee99f090211aa32c71174bf3d3cea",
                "module": "nft_marketplace",
                "name": "Marketplace",
                "typeArguments": []
              }
            }
          }
        ],
        "return": [
          "U64"
        ]
      },
      "mint": {
        "visibility": "Public",
        "isEntry": false,
        "typeParameters": [],
        "parameters": [
          {
            "Vector": "U8"
          },
          {
            "Vector": "U8"
          },
          {
            "Vector": "U8"
          },
          {
            "MutableReference": {
              "Struct": {
                "address": "0x2",
                "module": "tx_context",
                "name": "TxContext",
                "typeArguments": []
              }
            }
          }
        ],
        "return": [
          {
            "Struct": {
              "address": "0xb118fb658964c096c0beb2e72eedc0e5901ee99f090211aa32c71174bf3d3cea",
              "module": "nft_marketplace",
              "name": "DevNetNFT",
              "typeArguments": []
            }
          }
        ]
      },
      "mint_to_sender": {
        "visibility": "Private",
        "isEntry": true,
        "typeParameters": [],
        "parameters": [
          {
            "Vector": "U8"
          },
          {
            "Vector": "U8"
          },
          {
            "Vector": "U8"
          },
          {
            "MutableReference": {
              "Struct": {
                "address": "0x2",
                "module": "tx_context",
                "name": "TxContext",
                "typeArguments": []
              }
            }
          }
        ],
        "return": []
      },
      "name": {
        "visibility": "Public",
        "isEntry": false,
        "typeParameters": [],
        "parameters": [
          {
            "Reference": {
              "Struct": {
                "address": "0xb118fb658964c096c0beb2e72eedc0e5901ee99f090211aa32c71174bf3d3cea",
                "module": "nft_marketplace",
                "name": "DevNetNFT",
                "typeArguments": []
              }
            }
          }
        ],
        "return": [
          {
            "Reference": {
              "Struct": {
                "address": "0x1",
                "module": "string",
                "name": "String",
                "typeArguments": []
              }
            }
          }
        ]
      },
      "nft_id": {
        "visibility": "Public",
        "isEntry": false,
        "typeParameters": [],
        "parameters": [
          {
            "Reference": {
              "Struct": {
                "address": "0xb118fb658964c096c0beb2e72eedc0e5901ee99f090211aa32c71174bf3d3cea",
                "module": "nft_marketplace",
                "name": "DevNetNFT",
                "typeArguments": []
              }
            }
          }
        ],
        "return": [
          {
            "Struct": {
              "address": "0x2",
              "module": "object",
              "name": "ID",
              "typeArguments": []
            }
          }
        ]
      },
      "purchase_nft": {
        "visibility": "Public",
        "isEntry": false,
        "typeParameters": [],
        "parameters": [
          {
            "Struct": {
              "address": "0xb118fb658964c096c0beb2e72eedc0e5901ee99f090211aa32c71174bf3d3cea",
              "module": "nft_marketplace",
              "name": "Listing",
              "typeArguments": []
            }
          },
          {
            "Struct": {
              "address": "0x2",
              "module": "coin",
              "name": "Coin",
              "typeArguments": [
                {
                  "Struct": {
                    "address": "0x2",
                    "module": "sui",
                    "name": "SUI",
                    "typeArguments": []
                  }
                }
              ]
            }
          },
          {
            "MutableReference": {
              "Struct": {
                "address": "0xb118fb658964c096c0beb2e72eedc0e5901ee99f090211aa32c71174bf3d3cea",
                "module": "nft_marketplace",
                "name": "Marketplace",
                "typeArguments": []
              }
            }
          },
          {
            "MutableReference": {
              "Struct": {
                "address": "0x2",
                "module": "tx_context",
                "name": "TxContext",
                "typeArguments": []
              }
            }
          }
        ],
        "return": [
          {
            "Struct": {
              "address": "0x1",
              "module": "option",
              "name": "Option",
              "typeArguments": [
                {
                  "Struct": {
                    "address": "0x2",
                    "module": "coin",
                    "name": "Coin",
                    "typeArguments": [
                      {
                        "Struct": {
                          "address": "0x2",
                          "module": "sui",
                          "name": "SUI",
                          "typeArguments": []
                        }
                      }
                    ]
                  }
                }
              ]
            }
          }
        ]
      },
      "update_description": {
        "visibility": "Public",
        "isEntry": false,
        "typeParameters": [],
        "parameters": [
          {
            "MutableReference": {
              "Struct": {
                "address": "0xb118fb658964c096c0beb2e72eedc0e5901ee99f090211aa32c71174bf3d3cea",
                "module": "nft_marketplace",
                "name": "DevNetNFT",
                "typeArguments": []
              }
            }
          },
          {
            "Vector": "U8"
          }
        ],
        "return": []
      },
      "update_nft_description": {
        "visibility": "Private",
        "isEntry": true,
        "typeParameters": [],
        "parameters": [
          {
            "MutableReference": {
              "Struct": {
                "address": "0xb118fb658964c096c0beb2e72eedc0e5901ee99f090211aa32c71174bf3d3cea",
                "module": "nft_marketplace",
                "name": "DevNetNFT",
                "typeArguments": []
              }
            }
          },
          {
            "Vector": "U8"
          }
        ],
        "return": []
      },
      "url": {
        "visibility": "Public",
        "isEntry": false,
        "typeParameters": [],
        "parameters": [
          {
            "Reference": {
              "Struct": {
                "address": "0xb118fb658964c096c0beb2e72eedc0e5901ee99f090211aa32c71174bf3d3cea",
                "module": "nft_marketplace",
                "name": "DevNetNFT",
                "typeArguments": []
              }
            }
          }
        ],
        "return": [
          {
            "Reference": {
              "Struct": {
                "address": "0x2",
                "module": "url",
                "name": "Url",
                "typeArguments": []
              }
            }
          }
        ]
      },
      "withdraw_marketplace_fees": {
        "visibility": "Private",
        "isEntry": true,
        "typeParameters": [],
        "parameters": [
          {
            "MutableReference": {
              "Struct": {
                "address": "0xb118fb658964c096c0beb2e72eedc0e5901ee99f090211aa32c71174bf3d3cea",
                "module": "nft_marketplace",
                "name": "Marketplace",
                "typeArguments": []
              }
            }
          },
          "U64",
          "Address",
          {
            "MutableReference": {
              "Struct": {
                "address": "0x2",
                "module": "tx_context",
                "name": "TxContext",
                "typeArguments": []
              }
            }
          }
        ],
        "return": []
      }
    }
  }
}